From Type,From Name,Edge Type,To Type,To Name
Function,create_access_token,CALLS,Function,data.copy
Function,create_access_token,CALLS,Function,datetime.utcnow
Function,create_access_token,CALLS,Function,jwt.encode
Function,create_access_token,CALLS,Function,timedelta
Function,create_access_token,CALLS,Function,to_encode.update
Function,get_current_user,CALLS,Function,Depends
Function,get_current_user,CALLS,Function,HTTPException
Function,get_current_user,CALLS,Function,db.query
Function,get_current_user,CALLS,Function,filter
Function,get_current_user,CALLS,Function,first
Function,get_current_user,CALLS,Function,jwt.decode
Function,get_current_user,CALLS,Function,payload.get
Function,get_current_user,CALLS,Function,schemas.UserResponse.model_validate
Function,get_user_by_email,CALLS,Function,db.query
Function,get_user_by_email,CALLS,Function,filter
Function,get_user_by_email,CALLS,Function,first
Function,create_user,CALLS,Function,bcrypt.checkpw
Function,create_user,CALLS,Function,bcrypt.gensalt
Function,create_user,CALLS,Function,bcrypt.hashpw
Function,create_user,CALLS,Function,db.add
Function,create_user,CALLS,Function,db.commit
Function,create_user,CALLS,Function,db.refresh
Function,create_user,CALLS,Function,decode
Function,create_user,CALLS,Function,hash_password
Function,create_user,CALLS,Function,hashed_password.encode
Function,create_user,CALLS,Function,models.User
Function,create_user,CALLS,Function,password.encode
Function,create_user,CALLS,Function,plain_password.encode
Function,update_password,CALLS,Function,db.commit
Function,update_password,CALLS,Function,get_user_by_email
Function,update_password,CALLS,Function,hash_password
Function,create_instrument,CALLS,Function,db.add
Function,create_instrument,CALLS,Function,db.commit
Function,create_instrument,CALLS,Function,db.refresh
Function,create_instrument,CALLS,Function,models.Instrument
Function,get_db,CALLS,Function,SessionLocal
Function,get_db,CALLS,Function,db.close
Function,get_current_user_id,CALLS,Function,Depends
Function,get_current_user_id,CALLS,Function,HTTPException
Function,get_current_user_id,CALLS,Function,int
Function,get_current_user_id,CALLS,Function,jwt.decode
Function,get_current_user_id,CALLS,Function,payload.get
Function,get_db,CALLS,Function,database.SessionLocal
Function,get_db,CALLS,Function,db.close
Function,signup,CALLS,Function,Depends
Function,signup,CALLS,Function,HTTPException
Function,signup,CALLS,Function,crud.create_user
Function,signup,CALLS,Function,crud.get_user_by_email
Function,signup,CALLS,Function,crud.hash_password
Function,login,CALLS,Function,Depends
Function,login,CALLS,Function,HTTPException
Function,login,CALLS,Function,create_access_token
Function,login,CALLS,Function,crud.get_user_by_email
Function,login,CALLS,Function,crud.verify_password
Function,login,CALLS,Function,schemas.UserResponse.model_validate
Function,login,CALLS,Function,str
Function,reset_password,CALLS,Function,Depends
Function,reset_password,CALLS,Function,HTTPException
Function,reset_password,CALLS,Function,crud.update_password
Function,User,CALLS,Function,Column
Function,Instrument,CALLS,Function,Column
Function,Technician,CALLS,Function,Column
Function,get_db,CALLS,Function,database.SessionLocal
Function,get_db,CALLS,Function,db.close
Function,get_instruments,CALLS,Function,Depends
Function,get_instruments,CALLS,Function,all
Function,get_instruments,CALLS,Function,db.commit
Function,get_instruments,CALLS,Function,db.query
Function,get_instruments,CALLS,Function,dt_date.today
Function,get_instruments,CALLS,Function,filter
Function,create_instrument,CALLS,Function,Depends
Function,create_instrument,CALLS,Function,HTTPException
Function,create_instrument,CALLS,Function,and_
Function,create_instrument,CALLS,Function,count
Function,create_instrument,CALLS,Function,db.add
Function,create_instrument,CALLS,Function,db.commit
Function,create_instrument,CALLS,Function,db.query
Function,create_instrument,CALLS,Function,db.refresh
Function,create_instrument,CALLS,Function,filter
Function,create_instrument,CALLS,Function,instrument.dict
Function,create_instrument,CALLS,Function,models.Instrument
Function,create_instrument,CALLS,Function,schemas.InstrumentResponse.model_validate
Function,update_instrument,CALLS,Function,Depends
Function,update_instrument,CALLS,Function,HTTPException
Function,update_instrument,CALLS,Function,db.commit
Function,update_instrument,CALLS,Function,db.query
Function,update_instrument,CALLS,Function,db.refresh
Function,update_instrument,CALLS,Function,dt_date.today
Function,update_instrument,CALLS,Function,filter
Function,update_instrument,CALLS,Function,first
Function,update_instrument,CALLS,Function,instrument.dict
Function,update_instrument,CALLS,Function,items
Function,update_instrument,CALLS,Function,schemas.InstrumentResponse.model_validate
Function,update_instrument,CALLS,Function,setattr
Function,delete_instrument,CALLS,Function,Depends
Function,delete_instrument,CALLS,Function,HTTPException
Function,delete_instrument,CALLS,Function,db.commit
Function,delete_instrument,CALLS,Function,db.delete
Function,delete_instrument,CALLS,Function,db.query
Function,delete_instrument,CALLS,Function,filter
Function,delete_instrument,CALLS,Function,first
Function,patch_instrument,CALLS,Function,Depends
Function,patch_instrument,CALLS,Function,HTTPException
Function,patch_instrument,CALLS,Function,db.commit
Function,patch_instrument,CALLS,Function,db.query
Function,patch_instrument,CALLS,Function,db.refresh
Function,patch_instrument,CALLS,Function,dt_date.today
Function,patch_instrument,CALLS,Function,filter
Function,patch_instrument,CALLS,Function,first
Function,patch_instrument,CALLS,Function,instrument.dict
Function,patch_instrument,CALLS,Function,int
Function,patch_instrument,CALLS,Function,items
Function,patch_instrument,CALLS,Function,relativedelta
Function,patch_instrument,CALLS,Function,schemas.InstrumentResponse.model_validate
Function,patch_instrument,CALLS,Function,setattr
Function,get_db,CALLS,Function,database.SessionLocal
Function,get_db,CALLS,Function,db.close
Function,create_technician,CALLS,Function,Depends
Function,create_technician,CALLS,Function,HTTPException
Function,create_technician,CALLS,Function,db.add
Function,create_technician,CALLS,Function,db.commit
Function,create_technician,CALLS,Function,db.query
Function,create_technician,CALLS,Function,db.refresh
Function,create_technician,CALLS,Function,filter
Function,create_technician,CALLS,Function,first
Function,create_technician,CALLS,Function,models.Technician
Function,create_technician,CALLS,Function,technician.model_dump
Function,get_technicians,CALLS,Function,Depends
Function,get_technicians,CALLS,Function,all
Function,get_technicians,CALLS,Function,db.query
Function,get_technicians,CALLS,Function,filter
