Node Type,Name,Description
Function,Column,Function Column
Function,Depends,Function Depends
Function,HTTPException,Function HTTPException
Function,Instrument,Function Instrument
Function,SessionLocal,Function SessionLocal
Function,Technician,Function Technician
Function,User,Function User
Function,all,Function all
Function,and_,Function and_
Function,bcrypt.checkpw,Function bcrypt.checkpw
Function,bcrypt.gensalt,Function bcrypt.gensalt
Function,bcrypt.hashpw,Function bcrypt.hashpw
Function,count,Function count
Function,create_access_token,Function create_access_token
Function,create_instrument,Function create_instrument
Function,create_technician,Function create_technician
Function,create_user,Function create_user
Function,crud.create_user,Function crud.create_user
Function,crud.get_user_by_email,Function crud.get_user_by_email
Function,crud.hash_password,Function crud.hash_password
Function,crud.update_password,Function crud.update_password
Function,crud.verify_password,Function crud.verify_password
Function,data.copy,Function data.copy
Function,database.SessionLocal,Function database.SessionLocal
Function,datetime.utcnow,Function datetime.utcnow
Function,db.add,Function db.add
Function,db.close,Function db.close
Function,db.commit,Function db.commit
Function,db.delete,Function db.delete
Function,db.query,Function db.query
Function,db.refresh,Function db.refresh
Function,decode,Function decode
Function,delete_instrument,Function delete_instrument
Function,dt_date.today,Function dt_date.today
Function,filter,Function filter
Function,first,Function first
Function,get_current_user,Function get_current_user
Function,get_current_user_id,Function get_current_user_id
Function,get_db,Function get_db
Function,get_instruments,Function get_instruments
Function,get_technicians,Function get_technicians
Function,get_user_by_email,Function get_user_by_email
Function,hash_password,Function hash_password
Function,hashed_password.encode,Function hashed_password.encode
Function,instrument.dict,Function instrument.dict
Function,int,Function int
Function,items,Function items
Function,jwt.decode,Function jwt.decode
Function,jwt.encode,Function jwt.encode
Function,login,Function login
Function,models.Instrument,Function models.Instrument
Function,models.Technician,Function models.Technician
Function,models.User,Function models.User
Function,password.encode,Function password.encode
Function,patch_instrument,Function patch_instrument
Function,payload.get,Function payload.get
Function,plain_password.encode,Function plain_password.encode
Function,relativedelta,Function relativedelta
Function,reset_password,Function reset_password
Function,schemas.InstrumentResponse.model_validate,Function schemas.InstrumentResponse.model_validate
Function,schemas.UserResponse.model_validate,Function schemas.UserResponse.model_validate
Function,setattr,Function setattr
Function,signup,Function signup
Function,str,Function str
Function,technician.model_dump,Function technician.model_dump
Function,timedelta,Function timedelta
Function,to_encode.update,Function to_encode.update
Function,update_instrument,Function update_instrument
Function,update_password,Function update_password
